1186	Anne Shirley_Shirley_Anne_ANNE
855	Miss Marilla Cuthbert_Marilla Cuthbert_Miss Cuthbert_Cuthbert_Marilla_MARILLA
423	Diana Barry_Diana_Barry
360	Matthew Cuthbert_MATTHEW Cuthbert_Cuthbert_Matthew_MATTHEW
226	Mrs. Rachel Lynde_MRS. Rachel Lynde_Rachel Lynde_Mrs. Rachel_Mrs. Lynde_Rachel_Lynde
115	Gilbert Blythe_Gilbert_Blythe
92	Jane Andrews_Jane
76	Josie Pye_Josie_Pye
69	Ruby Gillis_Gillis_Ruby
64	Miss Stacy_Stacy
62	Mrs. Allan
55	Miss Josephine Barry_Josephine Barry_Miss Barry_Josephine_Barry
47	Mrs. Barry
45	Mr. Phillips
40	Mrs. Alexander Spencer_Mrs. Spencer_Spencer
24	Mrs. Thomas_Thomas
23	Carmody
20	Moody Spurgeon MacPherson_Moody Spurgeon
19	Mr. William Bell_Mr. Bell_Bell
18	Lady Cordelia Fitzgerald_Lady Cordelia_Cordelia
18	Charlie Sloane_Charlie
16	Mr. Barry
16	Mrs. Peter Blewett_Mrs. Blewett_Mrs. Peter_Blewett_Peter
14	Minnie May
14	Elaine
14	Prissy Andrews_Prissy
12	Mrs. Hammond_Hammond
12	Mr. Allan
11	Gil
11	Geraldine
9	Lane
9	Newbridge
9	Birch Path
9	Mary Joe_Mary
9	Katie Maurice_Katie
8	Mr. Harmon Andrews_Harmon Andrews_Mr. Andrews
8	Lake of Shining Waters
8	Mr. Cuthbert
8	Gertie Pye_Gertie
8	Julia Bell_Julia
7	Minnie Andrews_Minnie
7	Jerry Buote_Jerry
7	Ben Hur
7	Carrie Sloane
7	Violet Vale
6	Miss Harris
6	Miss Rogerson
6	Redmond College_Redmond
6	William Blair_Blair
5	Billy
5	Bertram
5	Violetta
5	Bonny
5	Mrs. Chester Ross
5	Stella Maynard_Stella
4	Flora Jane
4	Mrs. Evans
4	Emily Clay_Emily
4	Lauretta
4	Martin
4	Frank Stockley
4	Lover
4	Tillie Boulter
3	Lancelot
3	Avonlea
3	Debating Club
3	Mr. Bentley
3	Susan
3	Caesar
3	Queen
3	Mr. Thomas
2	Mr. Hammond
2	Sophia Sloane
2	Richard Spencer
2	Mother
2	Lizzie Wright
2	Jedediah
2	Mamie Wilson
2	Emma White
2	Em White
2	Jimmy Glover
2	Mr. Silas Sloane
2	Hazel Dell
2	Midian
2	Sloanes
2	Samuel
2	Barrys
2	Madonna
2	Edward
2	Titian
2	Ann Shirley
2	Arthur
2	Aid Society
2	Laura Spencer
2	Alice Bell
2	Robert
2	Aunt Marilla
2	Abbey Bank
2	Nancy
