257	Ethan Frome_ETHAN FROME_Ethan_Frome
161	Mattie Silver_Mattie
138	Zeena
46	Matt
40	Mrs. Ned Hale_Mrs. Hale_Ned Hale_Hale_Ned
31	Jotham Powell_Jotham
25	Denis Eady_Denis_Eady
17	Starkfield
15	Harmon Gow_Harmon
9	Mrs. Varnum_Varnum
7	Daniel Byrne_Byrne
7	Andrew Hale
7	Ruth Varnum_Ruth
6	Zenobia
5	Michael Eady
5	Dan
4	Dr. Buck
3	Mr. Hale
3	Bettsbridge Eagle_Bettsbridge
3	Shadd
2	Hales
2	Fust
2	Martha
2	Homan
