134	Mr. Sherlock Holmes_Sherlock Holmes_Mr. Sherlock_Mr. Holmes_Holmes
59	Mr. Bartholomew Sholto_Bartholomew Sholto_Bartholomew_Mr. Sholto_Sholto
41	Mr. Athelney Jones_Athelney Jones_Mr. Jones_Jones
33	Mr. Thaddeus Sholto_Thaddeus Sholto_Mr. Thaddeus_Thaddeus
25	Toby
23	Dr. Watson_Watson
20	Jonathan Small_Jonathan
15	Mrs. Smith_Smith
15	Mrs. Cecil Forrester_Mrs. Forrester
12	Sahib
10	Miss Mary Morstan_Mary Morstan_Morstan_Mary
9	Mahomet Singh_Mahomet
8	Mordecai Smith
8	Abdullah Khan_Abdullah
6	Mrs. Bernstone
6	Wiggins
6	Mrs. Hudson
6	Dost Akbar_Akbar
4	Jacobson
4	Mr. Abelwhite_Abelwhite
4	Mr. Sherman_Sherman
3	Dawson
3	Pondicherry Lodge
3	Lal Chowdar
3	Williams
2	Jack
2	Winwood Reade
2	Surrey
2	Goethe
2	Dr. Somerton
2	Jim
2	Norwood
2	Lal Rao
2	Mr. Smith
2	Times
